ID;Prenom;Nom;Pays;Courriel
2879;Marcelo;Rippin;Canada;Kaley_Feest51@yahoo.com
939;Carroll;Schaden;United States of America;Avis79@yahoo.com
3731;Sven;Bogan;Sri Lanka;Earl2@yahoo.com
7676;Florine;Berge;Anguilla;Jerry63@hotmail.com
7329;Kaelyn;Zemlak;Haiti;Kassandra_Miller@gmail.com
5493;Ottis;Bergstrom;Slovakia (Slovak Republic);Lupe.Roberts@gmail.com
2828;Reese;Walter;Kazakhstan;Ozella_Jones67@gmail.com
8031;Samanta;Feeney;Vietnam;Alvis_Hettinger3@hotmail.com
6494;Joaquin;Wunsch;South Africa;Agnes.Rau44@hotmail.com
6320;Jeanette;Bergnaum;Maldives;Kevon_Schamberger@gmail.com
9717;Veronica;Kub;Russian Federation;Colin_Hintz30@yahoo.com
9009;Estel;Osinski;Belarus;Ericka.Pagac@gmail.com
8295;Ofelia;Hettinger;Svalbard & Jan Mayen Islands;Estella.Mosciski34@yahoo.com
4336;Francesco;Kemmer;Tonga;Alvis_Daniel@gmail.com
5988;Rubie;McCullough;Tunisia;Yesenia_Bechtelar@hotmail.com
2670;Leanna;Zulauf;Bolivia;Magnus.Pollich25@yahoo.com
6326;Salma;O'Keefe;Kenya;Rosanna_Larson31@hotmail.com
8131;Margarett;Zboncak;Bahrain;Adolphus.Skiles@gmail.com
7045;Sasha;Gerhold;Saint Vincent and the Grenadines;Harold_Abernathy@yahoo.com
273;Adella;Runolfsson;Monaco;Tyrell.Koch@gmail.com
9194;Jeffery;Miller;Hong Kong;Erik0@gmail.com
5763;Kirsten;Rath;Equatorial Guinea;Roberto_Crona84@gmail.com
1264;Maddison;Klocko;Trinidad and Tobago;Clyde_Schaden8@hotmail.com
5064;Bridie;Sauer;Djibouti;Jakayla42@hotmail.com
7147;Olaf;Mohr;Lao People's Democratic Republic;Emma.Kertzmann@hotmail.com
4197;Isobel;O'Connell;Algeria;Darby_Nicolas93@gmail.com
4060;Kiarra;Schmitt;Iraq;Hope_Torp@hotmail.com
744;Oral;Adams;Tunisia;Hipolito_Ortiz@yahoo.com
4524;Wilford;Kiehn;South Africa;Janet.Windler82@hotmail.com
2666;Ismael;Erdman;Kuwait;Demarco.Gorczany@gmail.com
5460;Ashlee;Wyman;Marshall Islands;Marcelle.Wyman@yahoo.com
3709;Kendra;Zboncak;South Africa;Adella2@yahoo.com
8527;Rickie;Mertz;Iceland;Green60@yahoo.com
114;Susie;Turner;Saudi Arabia;Kraig19@gmail.com
7894;Hermann;Berge;India;Nathan.Kuhlman55@hotmail.com
162;Wyatt;Kovacek;Wallis and Futuna;Mary_Hane57@hotmail.com
5029;Rowena;Gibson;South Africa;Johnpaul.Cummings66@yahoo.com
5963;Kayley;Lebsack;Cayman Islands;Jerrell_Friesen4@yahoo.com
9372;Bonnie;Grant;French Southern Territories;Arno_Lemke45@hotmail.com
8550;Earnestine;Langworth;Sweden;Ole27@gmail.com
4554;Vernice;Gaylord;Ethiopia;Alba82@yahoo.com
6926;Jerrell;Russel;Armenia;Cesar81@hotmail.com
5452;Mervin;Schroeder;Dominica;Ernest63@yahoo.com
757;Mitchell;Block;Peru;Delfina5@hotmail.com
1668;Orpha;Goldner;Saint Vincent and the Grenadines;Greyson.Reichert@gmail.com
4455;Gavin;Stark;Netherlands;Susana_Harvey@gmail.com
566;Nellie;Zboncak;Colombia;Al30@yahoo.com
3295;Van;Hermiston;Faroe Islands;Beaulah85@hotmail.com
2026;Candelario;Keeling;Macedonia;Alec.Lesch@yahoo.com
5846;Dorothea;Hane;Democratic People's Republic of Korea;Ansel_Weimann@hotmail.com
9213;Shanny;Howell;San Marino;Damion85@gmail.com
2812;Damien;Cartwright;Tuvalu;Caroline.Gusikowski@hotmail.com
1076;Leon;Douglas;Czech Republic;Adele_McGlynn1@hotmail.com
9712;Oral;Haag;Liechtenstein;Wilber.Schimmel71@gmail.com
9433;Kaelyn;Kris;Denmark;Velma.Stiedemann@gmail.com
9371;Brennan;Dicki;Belgium;Eunice_Watsica76@hotmail.com
957;Trace;Runolfsson;Australia;Letha35@hotmail.com
9228;Maximus;Gerhold;Papua New Guinea;Rhea.Pacocha46@gmail.com
2289;Andre;Muller;Djibouti;Joanny_McDermott95@hotmail.com
7990;Gaetano;Considine;Armenia;Reese.Brakus6@gmail.com
9373;Edgar;Robel;Gambia;Herman73@gmail.com
3567;Corbin;Johnston;Micronesia;Wilfrid_Cummings7@yahoo.com
5465;Hildegard;Wolf;Suriname;Hassan.Beatty76@hotmail.com
8299;Kristin;Lubowitz;Saint Pierre and Miquelon;Reanna54@hotmail.com
8072;Cierra;Swift;Seychelles;Weston53@gmail.com
6554;Laila;Russel;Mexico;Delphia36@yahoo.com
915;Robb;Ebert;Mauritania;Winifred59@gmail.com
1343;Devonte;Ullrich;Greenland;Candice55@yahoo.com
6826;Dan;Grady;Lithuania;Maida_Jast44@hotmail.com
596;Jaeden;Wehner;Svalbard & Jan Mayen Islands;Hester.Gerlach59@gmail.com
5482;Alfreda;Heaney;Timor-Leste;Mallory36@gmail.com
2629;Georgianna;Walter;Libyan Arab Jamahiriya;Dusty76@yahoo.com
5618;Meaghan;Stanton;Togo;Dashawn.Dietrich90@gmail.com
7953;Abdul;Hudson;Aruba;Patrick.Jaskolski@yahoo.com
7924;Bell;Schoen;Fiji;Hellen.Marquardt@hotmail.com
4118;Donato;Kling;Mongolia;Anais.McLaughlin42@yahoo.com
4734;Rosamond;Leannon;Saint Kitts and Nevis;Jefferey19@yahoo.com
7255;Joesph;Funk;Andorra;Christopher43@gmail.com
7278;Lori;Nolan;Malawi;Oleta_Bayer58@hotmail.com
905;Riley;Reinger;India;Zola65@gmail.com
2053;Afton;Wolf;Latvia;Brooke83@gmail.com
8690;Clint;Hahn;Lithuania;Tess84@hotmail.com
7032;Stanton;Corkery;Western Sahara;Raquel_Herman@gmail.com
7099;Elmer;Runte;Macao;Laisha13@gmail.com
488;Woodrow;Hansen;United Arab Emirates;Khalil.Trantow20@hotmail.com
3490;Lempi;Bernier;Cambodia;Jeramy43@gmail.com
2234;Theresa;Lueilwitz;Mayotte;Francesca_Rogahn4@gmail.com
630;Eriberto;Conroy;Saint Barthelemy;Keeley_Jerde10@gmail.com
7014;Kameron;Harris;Macao;Ludwig34@hotmail.com
6775;Jalon;Weimann;Madagascar;Larissa.Herman99@yahoo.com
8693;Ethel;Greenholt;Saint Kitts and Nevis;Nathaniel95@yahoo.com
2874;Gerard;Trantow;Saudi Arabia;Gregory.Kub34@hotmail.com
146;Marlen;White;El Salvador;Tyshawn_Bayer35@hotmail.com
29;Kristian;Berge;Guernsey;Joesph.Terry10@gmail.com
2832;Marcus;Bahringer;Luxembourg;Santos.Prosacco95@yahoo.com
5381;Dagmar;Brown;French Guiana;Wilbert.Price22@yahoo.com
3340;Brennan;Moen;Venezuela;Tod.Ryan@gmail.com
9756;Martina;Bode;Palestinian Territory;David54@gmail.com
969;Neva;O'Conner;Uzbekistan;Collin_Friesen91@gmail.com
9978;Adalberto;Sipes;Belgium;Bailee_Jacobs86@gmail.com
3633;Celia;Lindgren;Faroe Islands;Rosina.Becker@gmail.com
5392;Gudrun;Lueilwitz;Reunion;Jayde69@gmail.com
1808;Ignacio;Berge;Israel;Cristina.Olson83@hotmail.com
8900;Xander;Kuhlman;Canada;Derrick91@yahoo.com
3056;Nelda;Hermiston;Romania;Vita.Walsh29@yahoo.com
4257;Thaddeus;Donnelly;Isle of Man;Stephen_Mueller7@gmail.com
8986;Breanna;Feil;Panama;Demetris_Kreiger@hotmail.com
6944;Oda;Schuster;Ecuador;Amina_Haley@hotmail.com
2954;Isobel;Torphy;Myanmar;Devan38@yahoo.com
7428;Pascale;Quitzon;Rwanda;Christa4@yahoo.com
3338;Dangelo;Ondricka;Martinique;Amparo_Okuneva@hotmail.com
8388;Vern;Stiedemann;Moldova;Haylee82@gmail.com
9807;Vince;Konopelski;Burkina Faso;Doyle.Mills@hotmail.com
4600;Rick;Frami;San Marino;Titus_Osinski@yahoo.com
7887;Moses;Lindgren;United Arab Emirates;Albert29@yahoo.com
1411;Rodger;Tromp;Papua New Guinea;Kyle.Kautzer77@gmail.com
5578;Amir;Lowe;Dominican Republic;Jazlyn.Satterfield@hotmail.com
259;Bailey;Doyle;Rwanda;Eunice11@hotmail.com
3524;Trey;Franecki;Congo;Owen98@hotmail.com
9006;Raven;Bradtke;Cameroon;Theresia.Turner19@gmail.com
9457;Emmett;Bins;India;Elisa59@yahoo.com
5846;Quinn;Bahringer;Slovakia (Slovak Republic);Brandi_Pfannerstill95@gmail.com
7842;Victoria;Jerde;Libyan Arab Jamahiriya;Isabelle_Schmitt@yahoo.com
7230;Douglas;Emard;Dominica;Destany_Pacocha17@hotmail.com
550;Rey;Bosco;Burkina Faso;Meggie97@gmail.com
3753;Rosanna;Jakubowski;Iran;Tod27@gmail.com
3605;Maci;Cole;Qatar;Lenna63@gmail.com
6345;Kristy;Mueller;Botswana;Cathy30@hotmail.com
5104;Charlene;Nikolaus;Liberia;Connie_Wilkinson@gmail.com
195;Evans;Gerhold;Palau;Stefan_Mills@hotmail.com
6170;Daren;Gibson;Belize;Sim19@yahoo.com
663;Erik;Emmerich;Guyana;Ova70@hotmail.com
2315;Millie;McClure;Italy;Marlin_Douglas13@hotmail.com
5873;Linnie;Reynolds;Mali;Carlotta54@gmail.com
3875;Emmet;Rice;Latvia;Leone28@hotmail.com
9208;Nella;Gottlieb;Jamaica;Hailey44@hotmail.com
8650;Laurence;Kerluke;Sudan;Ashtyn.Schuster70@hotmail.com
4908;Dora;Wiegand;Barbados;Stanton91@hotmail.com
2968;Jaclyn;Dietrich;Republic of Korea;Cade27@yahoo.com
2992;Dora;White;Morocco;Grayson5@hotmail.com
3705;Uriel;Halvorson;Slovenia;Kylie50@yahoo.com
504;Wyman;Krajcik;Tokelau;Bruce_Pouros@yahoo.com
1689;Lucius;Torp;Singapore;Arne_Berge81@yahoo.com
8684;Frida;Langworth;Iraq;Reginald.Hodkiewicz@gmail.com
5406;Eldridge;Sauer;Cuba;Jace.Stokes14@hotmail.com
5557;Jarod;Gutkowski;Italy;Golda58@gmail.com
2025;Tobin;Pollich;American Samoa;Griffin.Kunde@gmail.com
6584;Faustino;Von;Yemen;Russel16@yahoo.com
7522;Leone;Schultz;Tuvalu;Dewayne85@hotmail.com
2292;Leann;Rogahn;Singapore;Rogelio_Weissnat33@yahoo.com
5041;Daron;Fadel;Palestinian Territory;Kelli52@hotmail.com
3842;Maximilian;Blanda;Libyan Arab Jamahiriya;Rocio.Moore14@hotmail.com
3030;Briana;O'Connell;Mexico;Jessy.Hand18@gmail.com
2300;Darwin;Gibson;Russian Federation;Stephen_Collins73@gmail.com
5928;Jazmyn;Doyle;Ethiopia;Earlene_Barton63@yahoo.com
2496;Arturo;Yost;Ukraine;Cordell_Ritchie3@hotmail.com
1196;Rashad;Funk;Jersey;Adolf.Rempel@hotmail.com
1348;Grant;Carroll;Western Sahara;Gus_Gerlach@yahoo.com
5011;Jaylen;Hagenes;Honduras;Leone75@gmail.com
35;Shana;Cassin;Yemen;Celestino.Keebler@yahoo.com
6091;Malika;Wisozk;Panama;Erich.Bauch25@yahoo.com
621;Quincy;Brekke;Iran;Dixie24@gmail.com
7016;Verona;Purdy;Dominican Republic;Nathen.White95@hotmail.com
1002;Judy;Walter;Colombia;Dion_Fadel47@hotmail.com
7743;Mercedes;Reynolds;Saint Pierre and Miquelon;Marcel88@yahoo.com
4962;Emely;Luettgen;Niger;Nola41@yahoo.com
1629;Richmond;Keeling;Central African Republic;John_Towne25@gmail.com
2060;Rex;Heller;Burundi;Destiney.Hauck1@hotmail.com
5974;Marley;Roberts;Samoa;Mohammed_Romaguera45@hotmail.com
4570;Anthony;Tromp;Lithuania;Chyna_Brakus@yahoo.com
6582;Hans;Keeling;Dominican Republic;Jaden20@gmail.com
8781;Kacey;Muller;Burkina Faso;Angelita.Corkery@yahoo.com
319;Rosalia;Raynor;Svalbard & Jan Mayen Islands;Millie_Anderson60@hotmail.com
9453;Reginald;Funk;Cameroon;Stanley.Kreiger@gmail.com
403;Marcellus;Koch;Nicaragua;Gladys.Miller@yahoo.com
4275;Charley;Barton;Guinea;Eldred.Nienow80@hotmail.com
8166;Kaelyn;Olson;Niger;Eden_Strosin77@gmail.com
1849;Thurman;Stark;Nicaragua;Gwendolyn88@gmail.com
820;Norval;Quigley;Georgia;Josie.Kessler32@gmail.com
7133;Rachelle;Rowe;Grenada;Francesca.Hegmann88@gmail.com
4617;Gilda;Mertz;Cape Verde;Kacey_Larson@yahoo.com
3967;Genevieve;Kertzmann;Romania;Rowland15@yahoo.com
7083;D'angelo;King;Togo;Layne_Huels37@gmail.com
9294;Savion;Connelly;Poland;Solon_Reilly53@yahoo.com
8882;Arden;Cummings;Algeria;Heath_Morar55@yahoo.com
7828;Orie;Konopelski;France;Philip60@yahoo.com
5966;Marjorie;Goyette;Mauritius;Aditya_Nitzsche@gmail.com
2749;Ima;Lowe;British Indian Ocean Territory (Chagos Archipelago);Willow.Kunze@yahoo.com
9107;Karen;Reichert;Denmark;Chet.Johnson@hotmail.com
5675;Delpha;Abbott;Turkmenistan;Berry.Murray@hotmail.com
3779;Maverick;Greenholt;Bahamas;Sally_Harris17@hotmail.com
631;Reilly;Rice;South Africa;Mustafa_Bartoletti95@yahoo.com
4393;Kris;Rempel;Argentina;Elenora_Berge1@gmail.com
7294;Geovanny;Ruecker;Morocco;Camden.Schaefer@gmail.com
4710;Thea;Thompson;Albania;Rahsaan.Gaylord@gmail.com
2815;Ines;Towne;Lithuania;Marlon.Boyer10@hotmail.com
7534;Otto;Williamson;Isle of Man;Ashton.Fadel26@hotmail.com
8757;Joel;Dooley;Kuwait;Emelie_Murphy30@yahoo.com
4494;Elvera;Homenick;Swaziland;Erika_Howe41@yahoo.com
117;Sincere;Jacobs;Democratic People's Republic of Korea;Quinton30@hotmail.com
4860;Leatha;Heathcote;Monaco;Eulah.Walker3@yahoo.com
1485;Tyrell;Hyatt;Belgium;Shanna.Durgan@hotmail.com
6587;Angie;Kunde;Burundi;Ryder22@yahoo.com
2068;Helga;Ward;Philippines;Bailee_Miller@yahoo.com
508;Lowell;Welch;Montserrat;Cecilia_Kohler90@yahoo.com
6431;Alf;Crist;Cocos (Keeling) Islands;Monty_Bergstrom98@yahoo.com
2064;Jedediah;Williamson;Vanuatu;Aurore73@yahoo.com
278;Gene;Wolff;Bolivia;Terrill.Boyer34@gmail.com
9918;Jessy;Gerlach;Uzbekistan;Toby.Kuhn62@gmail.com
4760;Danielle;Romaguera;United Arab Emirates;Orpha_Beier25@gmail.com
1676;Lance;Kautzer;Croatia;Ollie58@hotmail.com
3552;Haylee;Osinski;Burundi;Vito11@yahoo.com
9822;Katherine;Oberbrunner;Lesotho;Dorothea36@hotmail.com
1171;Heloise;Cummerata;Antarctica (the territory South of 60 deg S);Bryce17@gmail.com
3488;Edgardo;Franecki;Mozambique;Mack_Mueller@gmail.com
64;Shanel;Ebert;Georgia;Jarrett.Blick@yahoo.com
9265;Abigale;Bauch;Andorra;Aryanna.Wisoky57@hotmail.com
1953;Raquel;Bechtelar;Saint Helena;Mohamed_Gislason@yahoo.com
6042;Naomi;Hegmann;Namibia;Aglae.Kunde@yahoo.com
5885;Thalia;Hamill;Malta;Viva.Hodkiewicz93@yahoo.com
933;Vickie;Cassin;Iceland;Fatima_Mraz@hotmail.com
5157;Judah;Sawayn;Anguilla;Jamey_Langosh78@hotmail.com
8257;Oran;Kshlerin;Morocco;Jennifer.Wilderman7@yahoo.com
1890;Candida;Goldner;Venezuela;Orland43@gmail.com
1760;Nettie;Toy;Singapore;Leann.Cremin@yahoo.com
2440;Pearlie;Volkman;Uruguay;Stanley21@hotmail.com
1877;Kathlyn;Hills;Russian Federation;Lindsey.Beer@gmail.com
5536;Lauriane;Volkman;Democratic People's Republic of Korea;Blanca_Rolfson50@gmail.com
1950;Addison;Cassin;Denmark;Lorna_Deckow80@hotmail.com
4611;Monique;Bahringer;Bermuda;Rebeka13@hotmail.com
7206;Hector;Graham;Moldova;Greta.Mills59@yahoo.com
7763;Francesco;Buckridge;Trinidad and Tobago;Michele.Marquardt@hotmail.com
499;Hope;Green;Bermuda;Joesph.Hessel@yahoo.com
3160;Johanna;Bosco;Northern Mariana Islands;Alfonzo_Kilback@gmail.com
4764;Benny;Kunde;Saint Kitts and Nevis;Sigmund_Rempel42@gmail.com
4477;Mekhi;Hayes;Panama;Elza0@yahoo.com
6839;Bartholome;Jerde;Thailand;Bradley.White@hotmail.com
2112;Johnson;Bauch;Puerto Rico;Jennifer_Wolff40@hotmail.com
3102;Roberta;Mitchell;Austria;Emiliano82@yahoo.com
8703;Keara;Funk;Brunei Darussalam;Litzy_Hartmann98@hotmail.com
5836;Koby;Rowe;Dominica;Lempi72@yahoo.com
3007;Robb;Cummerata;Libyan Arab Jamahiriya;Myrl.Watsica55@gmail.com
65;Marquis;Greenfelder;Panama;Leda_Torphy@hotmail.com
551;Minerva;Bernhard;Ghana;Josue_Weber33@gmail.com
5008;Lucio;Rippin;Oman;Rocio_Mann6@hotmail.com
491;Tristin;Hagenes;Romania;Carmelo_Schulist@hotmail.com
5473;Doug;Gerlach;Monaco;Dorcas_Dach26@hotmail.com
7690;Jarod;Hahn;Chad;Eugenia33@hotmail.com
3058;Gardner;Collins;Fiji;Wilford8@yahoo.com
9869;Norene;Ankunding;Norfolk Island;Kelsi46@hotmail.com
9842;Lonnie;Runolfsson;Saint Barthelemy;Fletcher_Schuppe15@hotmail.com
8495;Beth;Funk;Zambia;Kyla_Prohaska@hotmail.com
8355;Camden;Feeney;Czech Republic;Hoyt.Kemmer@hotmail.com
912;Lamont;Kreiger;Burkina Faso;Sigmund_Schroeder@yahoo.com
8065;Reilly;Jacobson;Tajikistan;Osbaldo_Ullrich66@yahoo.com
6234;Letitia;Kozey;Afghanistan;Giovanna.OKeefe@yahoo.com
8020;Adolph;Prosacco;Reunion;Julia_Beier@yahoo.com
2801;Dorothy;Cremin;Bahrain;Maximillia7@gmail.com
1178;Abraham;Eichmann;Mexico;Sheldon.Koelpin@gmail.com
1440;Augustine;Herman;Northern Mariana Islands;Lolita.Heller@hotmail.com
1292;Antonia;Hilll;Lesotho;Ottilie.Mosciski78@hotmail.com
6105;Jedidiah;Lesch;Finland;Jordon.Bode@gmail.com
5975;Emma;Stehr;Tonga;Alessia.Lindgren79@yahoo.com
1708;Ricky;Schuppe;Namibia;Jarrett.Conn41@hotmail.com
8724;Kyla;Wyman;Peru;Devyn19@hotmail.com
793;Jaden;Pouros;Cyprus;Thora_Weissnat64@yahoo.com
9044;Abdullah;Kohler;Jamaica;Geovanni_Kuphal@hotmail.com
7014;Valentine;Cormier;Guinea;Jamey.Ritchie24@gmail.com
887;Helena;Abernathy;Cape Verde;Jerrell_Kilback73@hotmail.com
5875;Jennyfer;Jacobson;Equatorial Guinea;Nicholaus.Morar76@hotmail.com
7302;Delores;Funk;Cook Islands;Betty.Mraz62@hotmail.com
3183;Tom;Feeney;Czech Republic;Gabrielle_Kunde@yahoo.com
4505;Savanah;Spencer;South Georgia and the South Sandwich Islands;Alek_Beer24@hotmail.com
8414;Karley;Schimmel;Panama;Jayce.Kihn6@hotmail.com
2048;Anika;Herman;Namibia;Aurelio_Mitchell37@yahoo.com
3371;Jerrell;Bartoletti;Macao;Reina17@yahoo.com
6502;Anissa;Koch;Lesotho;Jonathon_Schmeler95@hotmail.com
1279;Alexandria;Jacobi;Slovenia;Lyla.Nicolas@hotmail.com
3363;Jamil;Dibbert;Tonga;Alexandra25@yahoo.com
8752;Michaela;Torp;Papua New Guinea;Connie.Hickle95@gmail.com
9662;Hans;Stanton;Saint Lucia;Omer.Runolfsdottir23@hotmail.com
7518;Kenny;Stracke;Netherlands;Oscar_Grady73@hotmail.com
9307;D'angelo;Brown;Kyrgyz Republic;Ella_Hoeger@hotmail.com
2738;Rubye;Bogisich;Bahamas;Ottis.Jacobs51@yahoo.com
92;Brad;Hansen;Saint Lucia;Alberta.Murphy@hotmail.com
2758;Ibrahim;Franecki;Nigeria;Mallie29@yahoo.com
3982;Lizeth;Bahringer;Serbia;Ruthe_Lockman1@yahoo.com
8794;Nickolas;Ankunding;United Kingdom;Alexys40@hotmail.com
5406;Cale;White;India;Alejandrin_Jakubowski2@gmail.com
2425;Matilde;Quitzon;Turks and Caicos Islands;Chet8@hotmail.com
3633;Aliza;Reichert;Bosnia and Herzegovina;Kadin.Tremblay@yahoo.com
8295;Mortimer;Quigley;Montenegro;Mollie9@hotmail.com
1896;Margie;Kunde;Saint Vincent and the Grenadines;Flossie.Conn27@gmail.com
4536;Dahlia;Kuhn;Romania;Paxton39@yahoo.com
8570;Dayana;Runte;Philippines;Shayna_VonRueden@hotmail.com
4897;Allie;Hermann;Armenia;Nikita_Bogan@gmail.com
1271;Jude;Runolfsson;San Marino;Paige_Kshlerin@yahoo.com
8781;Frances;O'Kon;Colombia;Andreanne_Wisozk77@hotmail.com
4837;Nyah;Friesen;Macedonia;Oda7@hotmail.com
3693;Anika;Friesen;Uruguay;Kelsie31@hotmail.com
4834;Daniella;Graham;Cocos (Keeling) Islands;Alysa36@yahoo.com
3978;Hiram;Kuvalis;Martinique;Wilmer_Glover@yahoo.com
3956;Ubaldo;Feeney;Nicaragua;Aurelie_Gorczany43@gmail.com
5688;Bianka;Cartwright;Algeria;Christ.Goodwin@yahoo.com
7498;Will;Gutmann;Gibraltar;Alden_Marquardt@gmail.com
8155;Nicklaus;Greenholt;Mauritania;Samson_Torp@hotmail.com
1768;Oliver;Steuber;Bulgaria;Catharine31@gmail.com
1887;Damien;Thompson;Haiti;Sean.Paucek@yahoo.com
6777;Ava;Kiehn;Jamaica;Greta37@yahoo.com
1802;Chadd;Koch;Botswana;Troy_Rodriguez@yahoo.com
2042;Alayna;Altenwerth;Algeria;Carmine33@gmail.com
3569;Leone;Gerlach;Papua New Guinea;Lauretta92@yahoo.com
3102;Yessenia;Larkin;Northern Mariana Islands;Percival_Dickinson@yahoo.com
527;Cecil;Hilpert;Holy See (Vatican City State);Dayna_King38@hotmail.com
1576;August;Padberg;Macedonia;Velma70@gmail.com
2977;Katrina;Schneider;Greenland;Orval.Nolan80@hotmail.com
8443;Lauretta;Runolfsdottir;Mauritania;Elliott77@hotmail.com
6339;Wilhelmine;Ebert;San Marino;Joanny.Wiegand@gmail.com
565;Sydni;Rempel;Pitcairn Islands;Wayne.Graham33@yahoo.com
4803;Kenny;Keebler;Saint Pierre and Miquelon;Stevie_Witting48@gmail.com
1885;Leda;Gorczany;Cayman Islands;Osbaldo.Morissette68@gmail.com
8290;Turner;Okuneva;Myanmar;Ronny_Casper@yahoo.com
5239;Denis;Champlin;Vietnam;Toby_Flatley@hotmail.com
5294;Savanah;Eichmann;Tanzania;Hailey_Bogisich55@yahoo.com
1975;Cletus;Reilly;Cayman Islands;Baylee.Walker@yahoo.com
683;Sincere;Ward;Virgin Islands, British;Shea87@yahoo.com
3900;Hal;Miller;Bangladesh;Deangelo_Jerde9@gmail.com
5183;Mac;Pollich;Pakistan;Vita.Bartell44@yahoo.com
3793;Felicity;VonRueden;Norfolk Island;Sandy.Aufderhar32@gmail.com
3649;Ubaldo;Oberbrunner;Moldova;Donnell15@gmail.com
8953;Anibal;Collier;Kuwait;Chelsea62@yahoo.com
2193;Chadrick;Hamill;Panama;Eloisa.Hartmann13@yahoo.com
8716;Donnell;Bogisich;Trinidad and Tobago;Harold77@gmail.com
4970;Lorna;Windler;Gabon;Henriette.Kling6@hotmail.com
1711;Jewell;Schmitt;Mayotte;Della.Weimann@yahoo.com
4183;Margarita;Mertz;Democratic People's Republic of Korea;Gregorio77@hotmail.com
1404;Julio;Casper;Cambodia;Delphine.Stamm54@yahoo.com
3322;Gunner;Witting;Saint Barthelemy;Emilio_Mohr31@yahoo.com
8484;Yessenia;Zboncak;Belarus;Enola.Halvorson11@gmail.com
5102;Beulah;Lynch;Pakistan;Florine.Greenholt@hotmail.com
824;Dejuan;Osinski;Western Sahara;Vesta.Flatley82@gmail.com
1075;Ena;Wilderman;Montserrat;Stacy28@hotmail.com
2656;Enos;Herzog;Bouvet Island (Bouvetoya);Hunter89@hotmail.com
6608;Misael;Glover;Morocco;Pearlie.Gorczany@yahoo.com
386;Noemi;Reichert;Belarus;Fred81@yahoo.com
5853;Genoveva;Robel;Mayotte;Jackie.Gottlieb63@gmail.com
4786;Heloise;Mills;Hong Kong;Deron54@gmail.com
8811;Albina;Krajcik;United States of America;Tressa29@gmail.com
5814;Emely;Olson;Singapore;Candice_Frami99@gmail.com
5022;Violette;Von;Saint Martin;Ethelyn_Padberg@gmail.com
3891;Juston;Halvorson;Saint Martin;Julianne_Schmitt64@hotmail.com
4934;Emmie;O'Keefe;Zimbabwe;Duncan13@yahoo.com
206;Gardner;Bartoletti;Northern Mariana Islands;Clark.Spinka@yahoo.com
9487;Sammy;Stoltenberg;Jersey;Jabari75@gmail.com
497;Laury;Crooks;Eritrea;Colton52@yahoo.com
1146;Rudy;Reinger;Canada;Elmore55@gmail.com
6081;Mariana;Spinka;Taiwan;Cary71@yahoo.com
7155;Camden;Goldner;United States Minor Outlying Islands;Ralph.Haley36@yahoo.com
4045;Oral;Steuber;Bahamas;Lew.Bayer@gmail.com
4940;Lucio;Mills;Faroe Islands;Royce40@gmail.com
6555;John;Durgan;Monaco;Austen.Smith26@gmail.com
2981;Gracie;Jacobi;Niger;Sigurd_Lebsack98@yahoo.com
5565;Lora;Rodriguez;Antarctica (the territory South of 60 deg S);Dedrick98@yahoo.com
6765;Harold;Borer;Tokelau;Arvilla.Leuschke@hotmail.com
8593;Marty;Schaefer;Mayotte;Heath52@gmail.com
9605;Rodrigo;Yost;Oman;Agustin.Ferry@gmail.com
9521;Dayana;Lind;Zimbabwe;Orlando10@hotmail.com
8513;Gay;Sauer;Senegal;Burdette.Bernhard16@gmail.com
353;Emelie;Ferry;Kiribati;Dorcas.Crist40@yahoo.com
3295;Clotilde;Crooks;Colombia;Edgar.Kovacek@gmail.com
6627;Bethany;Romaguera;Gambia;Shaun.Russel41@yahoo.com
4933;Verna;Dibbert;Togo;Loy74@gmail.com
8834;Jerod;Watsica;Lao People's Democratic Republic;Adolf_Schulist@yahoo.com
6404;Terence;Denesik;Ghana;Jerrell_Nolan90@hotmail.com
1256;Vicente;Hane;Gabon;Lea_White@gmail.com
353;Dewayne;Anderson;South Georgia and the South Sandwich Islands;Luciano.Windler25@yahoo.com
5201;Weston;Hermiston;Suriname;Erwin.Kozey@yahoo.com
8637;Jacklyn;Zulauf;Saint Vincent and the Grenadines;Richie_Stanton70@hotmail.com
6481;Doug;Bergstrom;Turkey;Royal.Wolf79@gmail.com
6955;Hermann;Friesen;Spain;Dedric.Luettgen27@gmail.com
3700;Deven;Barrows;Western Sahara;Geovanni_Daniel13@yahoo.com
6496;Alphonso;Lakin;Nigeria;Lonie.Purdy@yahoo.com
7989;Isidro;Harvey;Pakistan;Forest.Nader25@hotmail.com
3338;Mckenna;Kessler;United Arab Emirates;Lamont.Wehner91@yahoo.com
9115;Damaris;Rosenbaum;Iraq;Marcia19@gmail.com
3888;Adolphus;Hayes;Tuvalu;Valentin.Schroeder@yahoo.com
5549;Tatum;Wisoky;Italy;Carroll_Stracke15@gmail.com
6293;Ava;Morissette;Senegal;Merle.Weber41@gmail.com
1447;Onie;Raynor;Sri Lanka;Sibyl_Emmerich76@gmail.com
9456;Celine;Konopelski;Somalia;Caesar_Runolfsson@gmail.com
770;Carolanne;Kling;Hungary;Isaiah4@yahoo.com
8237;Giles;Runolfsson;French Polynesia;Mya_Jerde@yahoo.com
9354;Damon;Bashirian;Sierra Leone;Golda97@hotmail.com
8575;Xander;Hermiston;Guernsey;Ellsworth.Brown@gmail.com
979;Soledad;Braun;Christmas Island;Amara.Bergnaum0@hotmail.com
5573;Tracey;Reichert;Portugal;Phyllis_McClure16@hotmail.com
2088;Odie;Murray;Ukraine;Dawn_Stroman53@yahoo.com
3196;Ivory;Gerhold;Turks and Caicos Islands;Ashlee_Gerlach97@yahoo.com
9884;Coy;Dickinson;Aruba;Kristoffer_Klocko@yahoo.com
7949;Giovanna;West;Virgin Islands, British;Jameson.Schiller@hotmail.com
8071;Chasity;Funk;Bangladesh;Chaya_Littel93@gmail.com
2575;Elouise;Kautzer;Antigua and Barbuda;Mackenzie.Towne34@gmail.com
327;Jaycee;Donnelly;El Salvador;Emery.Gleichner@hotmail.com
7951;Catherine;Satterfield;Chile;Ryan_Daugherty@yahoo.com
2042;Cathryn;Hartmann;Australia;Brisa_Bayer@gmail.com
1225;Odell;Renner;Faroe Islands;Zena.Lueilwitz49@hotmail.com
4206;Marjolaine;Mills;Netherlands Antilles;Leatha.Glover53@hotmail.com
2314;Aric;Senger;American Samoa;Demond17@yahoo.com
7781;Zena;Balistreri;Holy See (Vatican City State);Berenice.Crona76@yahoo.com
3841;Mafalda;Kohler;Puerto Rico;Adelia.Lindgren29@gmail.com
9464;Lorenz;Franecki;Nicaragua;Dayton_Gutkowski38@gmail.com
6092;Jakayla;Rosenbaum;Mauritania;Darrell_West@yahoo.com
3510;Tabitha;Wisoky;Honduras;Kareem.Gerlach17@hotmail.com
2271;Yolanda;Pouros;Hungary;Winona3@yahoo.com
3987;Dayana;Wisoky;Jordan;Katherine_Braun@hotmail.com
5533;Justice;Baumbach;Luxembourg;Geraldine9@yahoo.com
2228;Joana;Bayer;Myanmar;Erin_Lind@gmail.com
3889;Alexys;Ward;Samoa;Andreanne85@hotmail.com
7142;Hoyt;Schmeler;Tuvalu;Sonny.Lesch@yahoo.com
6735;Lelia;Dooley;Bermuda;Adriel.Pagac75@gmail.com
7395;Hudson;Cremin;Greece;Concepcion81@gmail.com
2389;Halle;Rosenbaum;Nauru;Shaun.Bahringer@gmail.com
9735;Philip;Mitchell;Argentina;Nadia.Bergstrom@hotmail.com
2182;Ervin;D'Amore;Iceland;Craig82@yahoo.com
8573;Domenick;Wilkinson;Antarctica (the territory South of 60 deg S);Caroline_Schmidt@hotmail.com
9625;Norris;McKenzie;United Kingdom;Nicklaus.Schaden@hotmail.com
4082;Annabelle;Rogahn;Romania;Walton_Schmitt44@gmail.com
3069;Leonard;O'Kon;Germany;Maegan65@hotmail.com
1741;Ansley;Volkman;Anguilla;Sydni.McDermott@yahoo.com
3429;Salma;Walker;Malawi;Reggie68@gmail.com
3963;Rusty;Dietrich;Turks and Caicos Islands;Otho.Glover@gmail.com
6545;Micah;Sipes;United States of America;Mazie_Boyer43@yahoo.com
7626;Madeline;Kirlin;Pitcairn Islands;Terrell10@yahoo.com
8805;Moriah;Mante;Bulgaria;Juvenal_Eichmann15@gmail.com
5759;Santino;Jakubowski;Armenia;Uriel.Wintheiser53@hotmail.com
9487;Jett;Murray;Tuvalu;Shaina.Collier39@yahoo.com
9809;Casandra;Grimes;Palestinian Territory;Gene.Ferry13@hotmail.com
1203;Eldridge;Stehr;Niue;Carson1@gmail.com
2348;Megane;Considine;Botswana;Bethel66@yahoo.com
2165;Damaris;Hand;Palestinian Territory;Bennie_Ruecker8@hotmail.com
8138;Cassandra;O'Conner;Niger;Emile48@gmail.com
621;Caleigh;Lebsack;Pakistan;Alison59@hotmail.com
5052;Mandy;Deckow;Azerbaijan;Seamus88@hotmail.com
2507;Garnett;Kuhn;Luxembourg;Meda84@yahoo.com
4386;Kitty;Fay;Montenegro;Alia51@hotmail.com
8522;Noel;Roberts;Vietnam;Marvin22@gmail.com
474;Onie;Crist;Jersey;Mauricio.Wisoky7@gmail.com
4239;Joshuah;Strosin;Lebanon;Barney_Ullrich@yahoo.com
7564;Elwin;Spencer;Burkina Faso;Jules.Goldner4@hotmail.com
9726;Mable;Boyer;Hungary;Princess69@yahoo.com
100;Maci;Prosacco;Zimbabwe;Reid.Stokes35@yahoo.com
510;Roger;Rosenbaum;Saint Pierre and Miquelon;Enoch22@gmail.com
3352;Bradly;Blick;Dominican Republic;Amani.Hoppe@yahoo.com
724;Shea;Goodwin;Japan;Diego17@yahoo.com
6098;Onie;Wyman;Estonia;Henri.Ortiz@gmail.com
4770;Caitlyn;Tromp;Papua New Guinea;Laury_Parisian65@hotmail.com
7161;Josue;Lynch;Kazakhstan;Otto74@hotmail.com
7019;Krystal;Kautzer;Bosnia and Herzegovina;Syble67@yahoo.com
947;Elvera;Dickinson;Honduras;Wanda.Thiel@gmail.com
4424;Jadon;Brekke;San Marino;Ramon_Schultz@hotmail.com
1117;Santina;Swaniawski;Uganda;Delilah_Lebsack84@hotmail.com
6051;Crystal;Runte;Georgia;Verla47@yahoo.com
4118;Richie;Bartell;Norway;Ed.White@hotmail.com
3289;Arjun;Goodwin;Niger;Howell39@hotmail.com
5313;Josefina;Mohr;Sao Tome and Principe;Reba.Jacobi@gmail.com
6907;Jamarcus;Block;Ukraine;Mercedes66@gmail.com
2127;Erica;Leuschke;Palau;Blake_Schuster@hotmail.com
2399;Royce;Quitzon;Nauru;Claire.OHara@hotmail.com
9974;Carmelo;Klein;Myanmar;Reina49@yahoo.com
8734;Queen;Rogahn;Kyrgyz Republic;Jeramie_Oberbrunner@yahoo.com
2054;Tod;Kirlin;Tonga;Jackeline.Pfannerstill30@yahoo.com
9549;Darion;Huel;Bahamas;Lois_Russel54@hotmail.com
2768;Dale;Grimes;Seychelles;Selmer_Buckridge@hotmail.com
9886;Fay;Kirlin;Argentina;Bernard95@hotmail.com
7332;Frida;Haley;Lao People's Democratic Republic;Malika68@hotmail.com
3808;Amy;Douglas;Saint Vincent and the Grenadines;Gracie16@hotmail.com
6508;Chet;Schamberger;Kuwait;Nikita82@hotmail.com
2373;Gerda;Keebler;Antarctica (the territory South of 60 deg S);Florian53@hotmail.com
8674;Marlin;Lang;Russian Federation;Tiara.Littel42@yahoo.com
1728;Andres;Ortiz;Jersey;Rebecca.Dietrich91@hotmail.com
2841;Jeanette;Feest;Slovakia (Slovak Republic);Monique.Kohler43@gmail.com
6176;Amber;Cremin;Eritrea;Lula_Gleichner@yahoo.com
1886;Frederique;Purdy;Palau;Rolando_Lemke28@yahoo.com
9387;Lula;Jacobi;American Samoa;Elizabeth.Wisoky@hotmail.com
3383;Kayleigh;Skiles;Nicaragua;Lambert_Blanda@yahoo.com
6521;Lelia;Mayer;South Georgia and the South Sandwich Islands;Cleta_Morar18@yahoo.com
9846;Eliezer;Aufderhar;Saint Martin;Maximillian_Wisozk@yahoo.com
9224;Reina;Reichel;Norfolk Island;Sonny.Shanahan33@yahoo.com
621;Deron;Huel;Haiti;Liliana_Macejkovic66@hotmail.com
8766;Bessie;Rohan;Ghana;Hiram_Kunde@yahoo.com
4232;Sabryna;Dibbert;Nicaragua;Delmer9@yahoo.com
5715;Isobel;Hackett;France;Jeff.Kulas37@yahoo.com
2077;Constantin;Erdman;Ethiopia;Armani_Kilback82@yahoo.com
1391;Trenton;Klocko;Macao;Myriam.Yost@gmail.com
9235;Tremayne;Johns;Congo;Cesar.Hirthe77@gmail.com
7782;Orland;Collier;Canada;Esperanza_Bednar63@yahoo.com
3261;Wava;Thompson;Cote d'Ivoire;Watson_Bogan@yahoo.com
8207;Cydney;Kemmer;Bahamas;Carolanne.Sipes38@yahoo.com
2411;Andreanne;Luettgen;Guam;Kevin.Douglas@yahoo.com
4776;Wendy;Bergstrom;Kazakhstan;Demond.Powlowski53@gmail.com
623;Berenice;Heaney;Bahamas;Dakota22@hotmail.com
7723;Jeremy;Wilkinson;Cuba;Demarco_Romaguera39@gmail.com
1893;Kristina;Larkin;Belarus;George_Bosco72@yahoo.com
5230;Elisa;Murphy;Spain;Alexane89@yahoo.com
8167;Asia;Durgan;Afghanistan;Javonte75@hotmail.com
3086;Tommie;Boehm;Holy See (Vatican City State);Ed.Lang@gmail.com
5543;Garnett;Kohler;Solomon Islands;Rocio74@hotmail.com
8093;Jaiden;Streich;Iraq;Amari.Mosciski99@yahoo.com
1386;Triston;Schroeder;Argentina;Hermina_Bechtelar77@gmail.com
6013;Helga;Gerlach;Norfolk Island;Sallie.Lynch@yahoo.com
496;Willis;Muller;Macao;Bernard.Stracke@yahoo.com
6435;Cletus;Johns;Suriname;Asa.Kuphal@yahoo.com
9005;Isabella;Wisoky;Niue;Patience_Schneider@hotmail.com
8697;Lucas;Bernhard;Germany;Elmer85@gmail.com
9957;Rollin;Jast;Antigua and Barbuda;Clementina.Farrell@yahoo.com
2510;Karli;Bernhard;Iraq;Summer_Abernathy10@hotmail.com
8815;Carmella;Senger;Saint Vincent and the Grenadines;Jailyn_Dickinson@gmail.com
5297;Hildegard;Hamill;Fiji;Judah78@gmail.com
6812;Lorine;Hamill;French Southern Territories;Isidro.Gleason56@hotmail.com
7590;Darrin;Champlin;Palestinian Territory;Russ_Wilkinson@hotmail.com
3131;Jacinthe;Jones;Kyrgyz Republic;Christine_Koss20@gmail.com
8740;Gregory;Harvey;Holy See (Vatican City State);Susan_Schamberger72@yahoo.com
1328;Manuela;Schulist;Bulgaria;Briana.McGlynn@hotmail.com
3021;Emery;Abbott;India;Britney_Haag@yahoo.com
6293;Alexandro;Kuhic;Brunei Darussalam;Zechariah_Lemke75@hotmail.com
1760;Josefina;Hartmann;Oman;Darlene_Metz@gmail.com
3956;Christiana;Reichel;Mali;Drew_Fritsch@yahoo.com
8735;Nelle;Hamill;Czech Republic;Kennedi_Dietrich40@gmail.com
4578;Kayla;Reichert;San Marino;Gayle94@gmail.com
5740;Raphael;Hayes;Bosnia and Herzegovina;Eleazar_Denesik37@gmail.com
725;Derick;King;Saint Martin;Oren10@hotmail.com
6772;Faye;Konopelski;Mayotte;Nyah17@gmail.com
7997;Genevieve;Hahn;Iran;Ana.Kuhic59@gmail.com
5204;Ruben;Metz;Hong Kong;Markus65@yahoo.com
1978;Kaylee;Bayer;South Africa;Anabelle29@hotmail.com
8343;Elbert;Pfannerstill;Comoros;Koby.Langosh@gmail.com
6823;Una;Wuckert;Puerto Rico;Daniella.Schmeler12@yahoo.com
2020;Vernice;Ratke;Belize;Jaylen.Boyer@gmail.com
7539;Baylee;Ernser;Monaco;Lottie_Greenholt9@gmail.com
4772;Nyasia;Lueilwitz;Ukraine;Virgil_Tremblay51@hotmail.com
3201;Kristina;Metz;Timor-Leste;Antonetta.Wiza28@hotmail.com
6506;Madelyn;Reinger;Congo;Ronaldo.Turcotte61@gmail.com
3111;Ian;Sauer;Guinea;Cicero_Turner@gmail.com
6196;Aurore;Feil;United Arab Emirates;Juanita3@yahoo.com
6867;Lenore;Moore;Vanuatu;Wilfredo_Hagenes@hotmail.com
1589;Jasmin;Ullrich;Syrian Arab Republic;Frederick.Raynor@gmail.com
508;Daisy;Mohr;Cyprus;Candido58@hotmail.com
1056;Manuel;Prohaska;Suriname;Pink30@yahoo.com
6502;Billy;Cruickshank;Saint Vincent and the Grenadines;Holly_Fahey50@yahoo.com
6155;Pearline;Wunsch;Western Sahara;Dorian_Bogan24@yahoo.com
2677;Camden;Pfeffer;Benin;Anahi_Collins1@yahoo.com
1807;Lydia;Schmitt;Libyan Arab Jamahiriya;Zachariah_Wiegand39@yahoo.com
8849;Barrett;Morissette;Samoa;Stephanie.Beer@hotmail.com
6203;Barrett;Welch;Chad;Lois_Collins@hotmail.com
3818;Deron;Spencer;United Kingdom;Alisa.Brown@yahoo.com
4088;Lane;Mueller;Nicaragua;Emiliano_Nikolaus94@hotmail.com
5548;Jamaal;Herzog;Algeria;Zola.Grady@hotmail.com
5554;Willow;Mante;Georgia;Arianna.Erdman@gmail.com
3575;Gregory;Durgan;Svalbard & Jan Mayen Islands;Adonis88@hotmail.com
4520;Lizeth;Reichel;United States of America;Timmy39@gmail.com
5326;Loraine;Mueller;Zimbabwe;Adella.Reynolds@yahoo.com
6510;Jedediah;O'Connell;Kuwait;Luigi.Connelly44@gmail.com
7840;Mariano;Braun;Faroe Islands;Jude.Kuhn@hotmail.com
5221;Josefina;MacGyver;Kiribati;Natalia.Pfeffer47@hotmail.com
8860;Jovany;Pfannerstill;Montenegro;Hilton28@hotmail.com
6491;Cristina;Keebler;Mongolia;Emmie_Lockman76@yahoo.com
6312;Alice;Rosenbaum;Seychelles;Darrell74@gmail.com
1140;Daphney;Gislason;Armenia;Duncan43@yahoo.com
5547;Kaleb;McKenzie;Trinidad and Tobago;Camryn_Bergstrom85@gmail.com
1349;Mervin;Jones;Suriname;Roel_Gottlieb@yahoo.com
1483;Helmer;Reilly;Pakistan;Wilhelmine_Kovacek78@hotmail.com
3890;Karine;Howe;Belgium;Destin_Greenholt40@hotmail.com
6523;Camren;Prosacco;Syrian Arab Republic;Louvenia_Dicki@hotmail.com
9993;Mohammad;Beatty;Samoa;Elsie_Stehr23@hotmail.com
6719;Aurelio;Schuster;Kenya;Hailee.MacGyver75@yahoo.com
4158;Elnora;Boyer;Costa Rica;Theo.Wehner17@hotmail.com
5786;Marjorie;Tillman;Iraq;Ludie13@hotmail.com
9509;Geo;Bogan;Ireland;Arvilla_Hane@gmail.com
6019;Evalyn;Prosacco;Peru;King.Williamson@yahoo.com
8198;Donald;Stehr;Canada;Maybelle46@yahoo.com
7790;Oma;Reinger;Monaco;Lynn.Lowe49@yahoo.com
1345;Clementina;Kuphal;Switzerland;Bethany65@yahoo.com
8775;Hudson;Hudson;Venezuela;Vicky.Cronin@hotmail.com
1714;Lilyan;Emard;American Samoa;Erik77@hotmail.com
9314;Juanita;Moen;China;Jakob.Hirthe@hotmail.com
8463;Miracle;Von;Virgin Islands, British;Arturo.Feil@hotmail.com
5954;Shirley;Kling;Hungary;Leo_Russel@gmail.com
5222;Katlynn;Wyman;Antigua and Barbuda;Darron_Rosenbaum@yahoo.com
5881;Fae;Sporer;Turkey;Bernadette15@yahoo.com
2711;Willis;Purdy;American Samoa;Neoma78@gmail.com
7589;Hal;Braun;Serbia;Rosella_Jacobson@gmail.com
8544;Grant;Davis;Liechtenstein;Royal.Hammes@gmail.com
8638;Avis;Mosciski;Brunei Darussalam;Isabell99@hotmail.com
4892;Theo;Towne;Sweden;Jarrett_Gorczany34@yahoo.com
4173;May;Beahan;Malta;Jasen.Runolfsdottir17@gmail.com
7648;Tracy;Collins;Christmas Island;Mafalda27@gmail.com
86;Emilia;Hermiston;Cook Islands;Gabe_Bernier89@hotmail.com
437;Rubye;Osinski;Malta;Lauriane.Smith6@hotmail.com
3746;Taylor;Weissnat;Ethiopia;Tate.Weimann66@yahoo.com
207;Catharine;D'Amore;Montserrat;Aidan91@gmail.com
3425;Kaylee;Howell;India;Marjolaine.Doyle11@yahoo.com
4847;Omari;Kunde;Isle of Man;Lou.Fisher5@gmail.com
9167;Kamron;Hoeger;Barbados;Dessie13@hotmail.com
4898;Una;Sporer;Palestinian Territory;Kianna_Barrows@gmail.com
5384;Sammy;Maggio;Netherlands;Cheyanne74@yahoo.com
8062;Kacie;McDermott;Vietnam;Zane_McClure@yahoo.com
4373;Dino;Frami;Taiwan;Mathias49@hotmail.com
3900;Mason;Welch;Cyprus;General_Pouros99@gmail.com
9486;Camila;Murray;Angola;Gregg.Kulas@yahoo.com
832;Javier;Lindgren;Czech Republic;Daniella.Runolfsdottir@gmail.com
1371;Blair;Lueilwitz;United States Minor Outlying Islands;Daren_Schiller@gmail.com
7202;Destany;Robel;French Guiana;Aliza.Adams6@yahoo.com
7584;Eriberto;Daniel;Bermuda;Leila.Bauch@gmail.com
2466;Tyler;Brakus;Holy See (Vatican City State);Osbaldo.Gislason@gmail.com
2866;Lorna;Fahey;China;Princess_Boyer@yahoo.com
9654;Emmie;McCullough;Uzbekistan;Dejuan28@yahoo.com
9798;Corbin;Jakubowski;Yemen;Michaela93@gmail.com
4069;Eduardo;Kertzmann;Taiwan;Eliza35@hotmail.com
1989;Darby;Bogan;Bhutan;Cameron_Turcotte@yahoo.com
786;Lelah;McKenzie;Macedonia;Rowland.Abernathy27@hotmail.com
7875;Kaelyn;Walsh;Faroe Islands;Ova.Kovacek@hotmail.com
3429;Bert;Ziemann;Panama;Olga88@gmail.com
7619;Destini;Franecki;Somalia;Linwood54@hotmail.com
4454;Verlie;Russel;Bosnia and Herzegovina;Colt.Moen@hotmail.com
7649;Felicity;Tillman;Mexico;Alda.Okuneva86@hotmail.com
1806;Adell;Bartoletti;Pitcairn Islands;Emiliano_Skiles@hotmail.com
5995;Kaci;Toy;Venezuela;Garrett97@hotmail.com
4998;Kolby;Gottlieb;Papua New Guinea;Jarod.Roberts46@hotmail.com
2766;Fay;Effertz;Norfolk Island;Brendan33@gmail.com
5244;Micaela;Mertz;China;Reuben_Raynor@gmail.com
7978;Judy;Feest;Iceland;Zella_Hermann@yahoo.com
8584;Eda;Beatty;Saint Martin;Darrel.Murazik@yahoo.com
5366;Malinda;Towne;Maldives;Gregorio56@yahoo.com
7919;Cathryn;Bernhard;Cocos (Keeling) Islands;Eriberto2@yahoo.com
1741;Odessa;Waelchi;India;Kendra_Satterfield@hotmail.com
8378;Lamont;Huel;Guinea;Samantha23@hotmail.com
4154;Frida;Daugherty;Honduras;Ike_Schowalter@gmail.com
2813;Evan;Graham;Botswana;Frank.Cruickshank14@gmail.com
7214;Judson;Dickinson;Kiribati;Selina.Abernathy@yahoo.com
6813;Rosalia;Fisher;Saint Barthelemy;Carole_Murphy27@yahoo.com
2334;Darren;Hamill;Croatia;Gisselle_Dicki@yahoo.com
949;Sammie;Hand;Cape Verde;Mallie.Frami@gmail.com
7296;Camden;Brekke;Greece;Leonardo64@hotmail.com
3833;Muriel;Borer;Saint Helena;Webster.Welch31@yahoo.com
7367;Gabrielle;Auer;Saint Barthelemy;Lauretta_Farrell@hotmail.com
8934;Valentina;Powlowski;Guyana;Alfred.Jast83@gmail.com
3710;Monroe;Franecki;Barbados;Idella48@gmail.com
3661;Isaac;Adams;French Guiana;Laron94@hotmail.com
7443;Elyse;Stokes;Pakistan;Gabriella17@yahoo.com
8591;Destiny;Johnson;Serbia;Maggie84@hotmail.com
5571;Dianna;Lang;Guyana;Edgardo.Renner23@hotmail.com
326;Jaylin;Grady;Lebanon;Delfina_Doyle@hotmail.com
7146;Linda;Cremin;Germany;Ena_Shields79@gmail.com
3001;Keith;Gerhold;Albania;Dorothy_Schimmel6@yahoo.com
2506;Ervin;Jones;Mexico;Aaron.Zulauf@gmail.com
4484;Lolita;Kshlerin;Poland;Wyman.Douglas91@hotmail.com
9405;Justen;White;Syrian Arab Republic;Abdullah.OConner78@hotmail.com
9772;Madyson;Durgan;Cambodia;Albert35@yahoo.com
3398;Dewitt;Boyle;Burkina Faso;Roel_Walker@hotmail.com
8398;Marcella;Bernhard;Puerto Rico;Gonzalo.Bergstrom68@gmail.com
7026;Meghan;Wisoky;Cuba;Dina68@yahoo.com
2383;Brennan;Lowe;Norfolk Island;Dell_Howell28@hotmail.com
1452;Woodrow;Boyer;Hungary;Joey14@gmail.com
7080;Omari;Lynch;Cocos (Keeling) Islands;Lesly74@yahoo.com
8211;Alexandra;Daniel;Qatar;Rey_Haley@hotmail.com
9652;Alexzander;Lakin;Djibouti;Mozelle.Davis@gmail.com
6742;Demarcus;Okuneva;Anguilla;Elizabeth_Hauck@hotmail.com
7122;Jeanette;Runte;Uzbekistan;Al81@hotmail.com
1951;Betty;Schmidt;Uzbekistan;Everette_Dooley@yahoo.com
7727;Jonas;Goodwin;Papua New Guinea;Santa_Larkin@gmail.com
8300;Eryn;Thompson;United Arab Emirates;Kylee48@gmail.com
2081;Kristopher;Bogan;Swaziland;Vivian.Ratke94@yahoo.com
2831;Waylon;Padberg;Latvia;Monique_Schmidt@hotmail.com
2339;Velma;Emard;Venezuela;Christina.Heaney@gmail.com
9790;Patsy;Hauck;Denmark;Yessenia2@gmail.com
4199;Emilia;Zulauf;Guam;Trent_Hills5@gmail.com
5122;Julia;Heidenreich;El Salvador;Willa.Prohaska@yahoo.com
2043;Stuart;Hyatt;Hong Kong;Hudson9@hotmail.com
9027;Kathlyn;Gusikowski;Kuwait;Jordyn16@yahoo.com
3786;Antoinette;Lynch;France;Krystina.Stiedemann@hotmail.com
2438;Delphia;Bogisich;Sudan;Bertha_Murphy42@gmail.com
2515;Adrienne;Dooley;Micronesia;Freeda_Farrell@gmail.com
3074;Giovanna;Lynch;Madagascar;Eldred.McLaughlin35@hotmail.com
1771;Barton;Mitchell;Belarus;Laurence_Nitzsche@yahoo.com
8491;Cristopher;Hagenes;Bulgaria;Kennedy_Mueller57@yahoo.com
6299;Santino;Stracke;Suriname;Caesar_Nader69@hotmail.com
2044;Loraine;Keebler;Guam;Dianna92@yahoo.com
6192;Janet;Legros;French Southern Territories;Omari.Bernier@yahoo.com
2540;Jessie;O'Keefe;Burkina Faso;Ivory_Boehm@gmail.com
8385;Kyle;Altenwerth;Jordan;Solon.Jacobi63@hotmail.com
6695;Alba;Schmeler;Tajikistan;Hollis_Bahringer4@yahoo.com
7357;Reece;Terry;Mayotte;Damian83@yahoo.com
7473;Nedra;O'Keefe;American Samoa;Leonel_White@hotmail.com
6313;Janiya;Jast;Cape Verde;Ernest29@yahoo.com
5297;Immanuel;Stark;Republic of Korea;Jacinto33@gmail.com
1261;Violette;Prohaska;Pitcairn Islands;Hailey73@yahoo.com
5936;Baylee;Murphy;Sweden;Palma.Leuschke37@yahoo.com
897;Melisa;Jaskolski;El Salvador;Kian87@yahoo.com
145;Javon;Kunze;Cuba;Gardner_Adams@yahoo.com
4954;Lawson;Legros;Hungary;Etha.King@hotmail.com
4142;Mariano;Rodriguez;Azerbaijan;Darwin_Runolfsson@yahoo.com
1974;Clare;Herman;Dominica;Catherine_Cartwright@yahoo.com
7960;Drew;Thompson;Montserrat;Amara.Olson@gmail.com
865;Reese;Cummings;British Indian Ocean Territory (Chagos Archipelago);Kendall_Konopelski@gmail.com

